# Measurement: ABSORBANCE,,,
# Unit: NONE,,,
# Concentration: 75,,,
Timestamp,Value,Type,Blanked
0,0.159,NONE,TRUE
60,0.159,NONE,TRUE
120,0.187,NONE,TRUE
180,0.2,NONE,TRUE
240,0.214,NONE,TRUE
300,0.229,NONE,TRUE
360,0.245,NONE,TRUE
420,0.256,NONE,TRUE
480,0.273,NONE,TRUE
540,0.278,NONE,TRUE
600,0.285,NONE,TRUE
660,0.297,NONE,TRUE
720,0.302,NONE,TRUE
780,0.311,NONE,FALSE
840,0.317,NONE,FALSE
900,0.328,NONE,FALSE
960,0.331,NONE,FALSE
1020,0.334,NONE,FALSE
1080,0.34,NONE,FALSE
1140,0.344,NONE,FALSE
1200,0.35,NONE,FALSE
1260,0.352,NONE,FALSE
1320,0.356,NONE,FALSE
1380,0.362,NONE,FALSE
1440,0.364,NONE,FALSE
1500,0.368,NONE,FALSE
1560,0.371,NONE,FALSE
1620,0.377,NONE,FALSE
1680,0.379,NONE,FALSE
1740,0.381,NONE,FALSE